[
null,
{"id":1,"animationId":0,"consumable":true,"damage":{"critical":false,"elementId":0,"formula":"0","type":0,"variance":20},"description":"Unten sind leere Felder wenn du bestimmte Gegenstände\nüber den Erholungsgegenst. anzeigen lassen möchtest.","effects":[],"hitType":0,"iconIndex":0,"itypeId":1,"name":"-----Reserviert","note":"","occasion":3,"price":0,"repeats":1,"scope":7,"speed":0,"successRate":100,"tpGain":0},
{"id":2,"animationId":0,"consumable":true,"damage":{"critical":false,"elementId":0,"formula":"0","type":0,"variance":20},"description":"","effects":[],"hitType":0,"iconIndex":0,"itypeId":1,"name":"","note":"","occasion":0,"price":0,"repeats":1,"scope":7,"speed":0,"successRate":100,"tpGain":0},
{"id":3,"animationId":0,"consumable":true,"damage":{"critical":false,"elementId":0,"formula":"0","type":0,"variance":20},"description":"","effects":[],"hitType":0,"iconIndex":0,"itypeId":1,"name":"","note":"","occasion":0,"price":0,"repeats":1,"scope":7,"speed":0,"successRate":100,"tpGain":0},
{"id":4,"animationId":0,"consumable":true,"damage":{"critical":false,"elementId":0,"formula":"0","type":0,"variance":20},"description":"","effects":[],"hitType":0,"iconIndex":0,"itypeId":1,"name":"","note":"","occasion":0,"price":0,"repeats":1,"scope":7,"speed":0,"successRate":100,"tpGain":0},
{"id":5,"animationId":0,"consumable":true,"damage":{"critical":false,"elementId":0,"formula":"0","type":0,"variance":20},"description":"","effects":[],"hitType":0,"iconIndex":0,"itypeId":1,"name":"","note":"","occasion":0,"price":0,"repeats":1,"scope":7,"speed":0,"successRate":100,"tpGain":0},
{"id":6,"animationId":0,"consumable":true,"damage":{"critical":false,"elementId":0,"formula":"0","type":0,"variance":20},"description":"","effects":[],"hitType":0,"iconIndex":0,"itypeId":1,"name":"-----Erholungsgegenstände","note":"","occasion":3,"price":0,"repeats":1,"scope":7,"speed":0,"successRate":100,"tpGain":0},
{"id":7,"animationId":41,"consumable":true,"damage":{"critical":false,"elementId":0,"formula":"0","type":0,"variance":20},"description":"Stellt HP um 500 Punkte wieder her.","effects":[{"code":11,"dataId":0,"value1":0,"value2":500}],"hitType":0,"iconIndex":176,"itypeId":1,"name":"Trank","note":"","occasion":0,"price":100,"repeats":1,"scope":7,"speed":0,"successRate":100,"tpGain":0},
{"id":8,"animationId":41,"consumable":true,"damage":{"critical":false,"elementId":0,"formula":"0","type":0,"variance":20},"description":"Stellt HP um 1500 Punkte wieder her.","effects":[{"code":11,"dataId":0,"value1":0,"value2":1500}],"hitType":0,"iconIndex":176,"itypeId":1,"name":"Supertrank","note":"","occasion":0,"price":250,"repeats":1,"scope":7,"speed":0,"successRate":100,"tpGain":0},
{"id":9,"animationId":41,"consumable":true,"damage":{"critical":false,"elementId":0,"formula":"0","type":0,"variance":20},"description":"Stellt HP komplett wieder her.","effects":[{"code":11,"dataId":0,"value1":1,"value2":0}],"hitType":0,"iconIndex":176,"itypeId":1,"name":"Volltrank","note":"","occasion":0,"price":550,"repeats":1,"scope":7,"speed":0,"successRate":100,"tpGain":0},
{"id":10,"animationId":41,"consumable":true,"damage":{"critical":false,"elementId":0,"formula":"0","type":0,"variance":20},"description":"Stellt MP um 300 Punkte wieder her.","effects":[{"code":12,"dataId":0,"value1":0,"value2":300}],"hitType":0,"iconIndex":176,"itypeId":1,"name":"Mana Trank","note":"","occasion":0,"price":300,"repeats":1,"scope":7,"speed":0,"successRate":100,"tpGain":0},
{"id":11,"animationId":49,"consumable":true,"damage":{"critical":false,"elementId":0,"formula":"b.mhp / 2","type":3,"variance":20},"description":"Belebt einen toten Verbündeten wieder. (Füllt die HP um die Hälfte wieder auf.)","effects":[{"code":22,"dataId":1,"value1":1,"value2":0}],"hitType":0,"iconIndex":176,"itypeId":1,"name":"Belebungsmittel","note":"","occasion":0,"price":500,"repeats":1,"scope":9,"speed":0,"successRate":100,"tpGain":0},
{"id":12,"animationId":46,"consumable":true,"damage":{"critical":false,"elementId":0,"formula":"0","type":0,"variance":20},"description":"Kuriert alle negativen Statuseffekte des Nutzers, außer Tod.","effects":[{"code":22,"dataId":4,"value1":1,"value2":0},{"code":22,"dataId":5,"value1":1,"value2":0},{"code":22,"dataId":6,"value1":1,"value2":0},{"code":22,"dataId":7,"value1":1,"value2":0},{"code":22,"dataId":8,"value1":1,"value2":0},{"code":22,"dataId":9,"value1":1,"value2":0},{"code":22,"dataId":10,"value1":1,"value2":0},{"code":22,"dataId":13,"value1":1,"value2":0},{"code":22,"dataId":12,"value1":1,"value2":0}],"hitType":0,"iconIndex":176,"itypeId":1,"name":"Medizin","note":"","occasion":0,"price":200,"repeats":1,"scope":7,"speed":0,"successRate":100,"tpGain":0},
{"id":13,"animationId":45,"consumable":true,"damage":{"critical":false,"elementId":0,"formula":"0","type":0,"variance":20},"description":"Kuriert Gift- und Paralysezustände.","effects":[{"code":22,"dataId":4,"value1":1,"value2":0},{"code":22,"dataId":12,"value1":1,"value2":0}],"hitType":0,"iconIndex":176,"itypeId":1,"name":"Gegengift","note":"","occasion":0,"price":80,"repeats":1,"scope":7,"speed":0,"successRate":100,"tpGain":0},
{"id":14,"animationId":41,"consumable":true,"damage":{"critical":false,"elementId":0,"formula":"0","type":0,"variance":20},"description":"Stellt HP und MP zur Hälfte wieder her.","effects":[{"code":11,"dataId":0,"value1":0.5,"value2":0},{"code":12,"dataId":0,"value1":0.5,"value2":0}],"hitType":0,"iconIndex":176,"itypeId":1,"name":"Wundertropfen","note":"","occasion":0,"price":450,"repeats":1,"scope":7,"speed":0,"successRate":100,"tpGain":0},
{"id":15,"animationId":41,"consumable":true,"damage":{"critical":false,"elementId":0,"formula":"0","type":0,"variance":20},"description":"Stellt HP und MP komplett wieder her.","effects":[{"code":11,"dataId":0,"value1":1,"value2":0},{"code":12,"dataId":0,"value1":1,"value2":0}],"hitType":0,"iconIndex":176,"itypeId":1,"name":"Elixir","note":"","occasion":0,"price":1200,"repeats":1,"scope":7,"speed":0,"successRate":100,"tpGain":0},
{"id":16,"animationId":0,"consumable":true,"damage":{"critical":false,"elementId":0,"formula":"0","type":0,"variance":20},"description":"","effects":[],"hitType":0,"iconIndex":0,"itypeId":1,"name":"","note":"","occasion":0,"price":0,"repeats":1,"scope":7,"speed":0,"successRate":100,"tpGain":0},
{"id":17,"animationId":0,"consumable":true,"damage":{"critical":false,"elementId":0,"formula":"0","type":0,"variance":20},"description":"","effects":[],"hitType":0,"iconIndex":0,"itypeId":1,"name":"-----Spezielle Gegenstände","note":"","occasion":3,"price":0,"repeats":1,"scope":7,"speed":0,"successRate":100,"tpGain":0},
{"id":18,"animationId":51,"consumable":true,"damage":{"critical":false,"elementId":0,"formula":"0","type":0,"variance":20},"description":"Halbiert für gewisse Zeit die Anzahl der Gegnerbegegnungen.","effects":[{"code":21,"dataId":29,"value1":1,"value2":0}],"hitType":0,"iconIndex":176,"itypeId":1,"name":"Begegnungsverringerer","note":"","occasion":2,"price":100,"repeats":1,"scope":11,"speed":0,"successRate":100,"tpGain":0},
{"id":19,"animationId":51,"consumable":true,"damage":{"critical":false,"elementId":0,"formula":"0","type":0,"variance":20},"description":"Erhöht für gewisse Zeit die Menge an Gegenständen\nund Geld, die bei Kämpfen erhalten werden.","effects":[{"code":21,"dataId":30,"value1":1,"value2":0}],"hitType":0,"iconIndex":176,"itypeId":1,"name":"Drop-Erhöher","note":"","occasion":0,"price":300,"repeats":1,"scope":11,"speed":0,"successRate":100,"tpGain":0},
{"id":20,"animationId":0,"consumable":true,"damage":{"critical":false,"elementId":0,"formula":"0","type":0,"variance":20},"description":"","effects":[],"hitType":0,"iconIndex":0,"itypeId":1,"name":"","note":"","occasion":0,"price":0,"repeats":1,"scope":7,"speed":0,"successRate":100,"tpGain":0},
{"id":21,"animationId":0,"consumable":true,"damage":{"critical":false,"elementId":0,"formula":"0","type":0,"variance":20},"description":"","effects":[],"hitType":0,"iconIndex":0,"itypeId":1,"name":"","note":"","occasion":0,"price":0,"repeats":1,"scope":7,"speed":0,"successRate":100,"tpGain":0},
{"id":22,"animationId":0,"consumable":true,"damage":{"critical":false,"elementId":0,"formula":"0","type":0,"variance":20},"description":"","effects":[],"hitType":0,"iconIndex":0,"itypeId":1,"name":"-----Verstärkungsgegenstände","note":"","occasion":3,"price":0,"repeats":1,"scope":7,"speed":0,"successRate":100,"tpGain":0},
{"id":23,"animationId":51,"consumable":true,"damage":{"critical":false,"elementId":0,"formula":"0","type":0,"variance":20},"description":"Erhöht Max. HP um 50 Punkte.","effects":[{"code":42,"dataId":0,"value1":50,"value2":0}],"hitType":0,"iconIndex":32,"itypeId":1,"name":"HP-Erhöhung","note":"","occasion":2,"price":3000,"repeats":1,"scope":7,"speed":0,"successRate":100,"tpGain":0},
{"id":24,"animationId":51,"consumable":true,"damage":{"critical":false,"elementId":0,"formula":"0","type":0,"variance":20},"description":"Erhöht Max. MP um 10 Punkte.","effects":[{"code":42,"dataId":1,"value1":10,"value2":0}],"hitType":0,"iconIndex":33,"itypeId":1,"name":"MP-Erhöhung","note":"","occasion":2,"price":3000,"repeats":1,"scope":7,"speed":0,"successRate":100,"tpGain":0},
{"id":25,"animationId":51,"consumable":true,"damage":{"critical":false,"elementId":0,"formula":"0","type":0,"variance":20},"description":"Erhöht Angriff um 3 Punkte.","effects":[{"code":42,"dataId":2,"value1":3,"value2":0}],"hitType":0,"iconIndex":34,"itypeId":1,"name":"Angriffserhöhung","note":"","occasion":2,"price":3000,"repeats":1,"scope":7,"speed":0,"successRate":100,"tpGain":0},
{"id":26,"animationId":51,"consumable":true,"damage":{"critical":false,"elementId":0,"formula":"0","type":0,"variance":20},"description":"Erhöht Verteidigung um 3 Punkte.","effects":[{"code":42,"dataId":3,"value1":3,"value2":0}],"hitType":0,"iconIndex":35,"itypeId":1,"name":"Verteidigungserhöhung","note":"","occasion":2,"price":3000,"repeats":1,"scope":7,"speed":0,"successRate":100,"tpGain":0},
{"id":27,"animationId":51,"consumable":true,"damage":{"critical":false,"elementId":0,"formula":"0","type":0,"variance":20},"description":"Erhöht M.Angriff um 3 Punkte.","effects":[{"code":42,"dataId":4,"value1":3,"value2":0}],"hitType":0,"iconIndex":36,"itypeId":1,"name":"Magieerhöhung","note":"","occasion":2,"price":3000,"repeats":1,"scope":7,"speed":0,"successRate":100,"tpGain":0},
{"id":28,"animationId":51,"consumable":true,"damage":{"critical":false,"elementId":0,"formula":"0","type":0,"variance":20},"description":"Erhöht M.Verteidigung um 3 Punkte.","effects":[{"code":42,"dataId":5,"value1":3,"value2":0}],"hitType":0,"iconIndex":37,"itypeId":1,"name":"Widerstandserhöhung","note":"","occasion":2,"price":3000,"repeats":1,"scope":7,"speed":0,"successRate":100,"tpGain":0},
{"id":29,"animationId":51,"consumable":true,"damage":{"critical":false,"elementId":0,"formula":"0","type":0,"variance":20},"description":"Erhöht Agilität um 3 Punkte.","effects":[{"code":42,"dataId":6,"value1":3,"value2":0}],"hitType":0,"iconIndex":38,"itypeId":1,"name":"Agilitätserhöhung","note":"","occasion":2,"price":3000,"repeats":1,"scope":7,"speed":0,"successRate":100,"tpGain":0},
{"id":30,"animationId":51,"consumable":true,"damage":{"critical":false,"elementId":0,"formula":"0","type":0,"variance":20},"description":"Erhöht Glück um 3 Punkte.","effects":[{"code":42,"dataId":7,"value1":3,"value2":0}],"hitType":0,"iconIndex":39,"itypeId":1,"name":"Glückserhöhung","note":"","occasion":2,"price":3000,"repeats":1,"scope":7,"speed":0,"successRate":100,"tpGain":0}
]