{"version":1,"maps":[{"id":1,"lights":[{"enabled":true,"x":97,"y":249,"followEventId":0,"id":1,"type":1,"color":[10,30,80,255],"weight":100,"exposure":20,"saturation":-40,"power":[255,205,205,255],"strength":100},{"enabled":true,"x":314,"y":247,"followEventId":0,"id":2,"type":2,"color":[255,255,255,255],"intensity":12,"radius":400,"smoothness":150,"flickerStrength":0,"flickerSpeed":10},{"enabled":true,"x":792,"y":365,"followEventId":0,"id":3,"type":2,"color":[255,255,255,255],"intensity":8.33,"radius":432,"smoothness":502,"flickerStrength":10,"flickerSpeed":40},{"enabled":true,"x":407.6,"y":597,"followEventId":0,"id":4,"type":2,"color":[255,255,255,255],"intensity":8,"radius":200,"smoothness":800,"flickerStrength":10,"flickerSpeed":50},{"enabled":true,"x":791,"y":557,"followEventId":0,"targetId":3},{"enabled":true,"x":792,"y":945,"followEventId":0,"targetId":3},{"enabled":true,"x":979,"y":943,"followEventId":0,"targetId":3},{"enabled":true,"x":792,"y":1131,"followEventId":0,"targetId":3},{"enabled":true,"x":790.4,"y":1277.4,"followEventId":0,"targetId":3},{"enabled":true,"x":985,"y":1133,"followEventId":0,"targetId":3},{"enabled":true,"x":791.4,"y":1469.4,"followEventId":0,"targetId":3},{"enabled":true,"x":983.4,"y":1468.4,"followEventId":0,"targetId":3},{"enabled":true,"x":503.6,"y":597,"followEventId":0,"targetId":4},{"enabled":true,"x":1565.4,"y":208.6,"followEventId":0,"id":5,"type":2,"color":[255,105,205,105],"intensity":8,"radius":4000,"smoothness":600,"flickerStrength":0,"flickerSpeed":10},{"enabled":true,"x":170.9999999999999,"y":1692,"followEventId":0,"targetId":5},{"enabled":true,"x":790.5999999999999,"y":1896,"followEventId":0,"id":6,"type":2,"color":[255,255,255,255],"intensity":10,"radius":300,"smoothness":100,"flickerStrength":0,"flickerSpeed":10},{"enabled":true,"x":793,"y":344,"followEventId":0,"id":7,"type":3,"color":[255,255,255,255],"intensity":12.97,"width":0.48,"spread":21.4,"spreadFade":71,"direction":90,"distance":547,"distanceFadeIn":21,"distanceFadeOut":267},{"enabled":true,"x":796,"y":536,"followEventId":0,"targetId":7},{"enabled":true,"x":985,"y":925,"followEventId":0,"targetId":7},{"enabled":true,"x":792,"y":924,"followEventId":0,"targetId":7},{"enabled":true,"x":791,"y":1119,"followEventId":0,"targetId":7},{"enabled":true,"x":985,"y":1118,"followEventId":0,"targetId":7},{"enabled":true,"x":790.6,"y":1453,"followEventId":0,"targetId":7},{"enabled":true,"x":791.6,"y":1256,"followEventId":0,"targetId":7},{"enabled":true,"x":982.6,"y":1450,"followEventId":0,"targetId":7},{"enabled":true,"x":983,"y":717,"followEventId":12,"id":8,"type":2,"color":[147,190,255,430],"intensity":11.54,"radius":248,"smoothness":179,"flickerStrength":31,"flickerSpeed":20}]}]}