[
null,
{"id":1,"autoRemovalTiming":0,"chanceByDamage":100,"iconIndex":1,"maxTurns":1,"message1":"%1 ist gefallen!","message2":"%1 wurde erschlagen!","message3":"","message4":"%1 ist wiederbelebt!","minTurns":1,"motion":3,"name":"Tot","note":"Zustand #1 wird hinzugefügt, wenn HP auf 0 fällt.","overlay":0,"priority":100,"releaseByDamage":false,"removeAtBattleEnd":false,"removeByDamage":false,"removeByRestriction":false,"removeByWalking":false,"restriction":4,"stepsToRemove":100,"traits":[{"code":23,"dataId":9,"value":0}],"messageType":1},
{"id":2,"autoRemovalTiming":2,"chanceByDamage":100,"iconIndex":0,"maxTurns":1,"message1":"","message2":"","message3":"","message4":"","minTurns":1,"motion":0,"name":"Schutz","note":"","overlay":0,"priority":0,"removeAtBattleEnd":true,"removeByDamage":false,"removeByRestriction":true,"removeByWalking":false,"restriction":0,"stepsToRemove":100,"traits":[{"code":62,"dataId":1,"value":0}],"messageType":1},
{"id":3,"autoRemovalTiming":0,"chanceByDamage":100,"iconIndex":0,"maxTurns":1,"message1":"","message2":"","message3":"","message4":"","minTurns":1,"motion":0,"name":"Unsterblich","note":"","overlay":0,"priority":0,"removeAtBattleEnd":true,"removeByDamage":false,"removeByRestriction":false,"removeByWalking":false,"restriction":0,"stepsToRemove":100,"traits":[{"code":14,"dataId":1,"value":0}],"messageType":1},
{"id":4,"autoRemovalTiming":0,"chanceByDamage":100,"iconIndex":2,"maxTurns":1,"message1":"%1 ist vergiftet!","message2":"%1 ist vergiftet!","message3":"","message4":"%1 ist nicht mehr vergiftet!","minTurns":1,"motion":1,"overlay":1,"name":"Gift","note":"","priority":50,"releaseByDamage":false,"removeAtBattleEnd":false,"removeByDamage":false,"removeByRestriction":false,"removeByWalking":false,"restriction":0,"stepsToRemove":100,"traits":[{"code":22,"dataId":7,"value":-0.1}],"messageType":1},
{"id":5,"autoRemovalTiming":1,"chanceByDamage":100,"iconIndex":3,"maxTurns":5,"message1":"%1 ist geblendet!","message2":"%1 ist geblendet!","message3":"","message4":"%1 ist nicht mehr geblendet!","minTurns":3,"motion":1,"name":"Blindheit","note":"","overlay":2,"priority":60,"releaseByDamage":false,"removeAtBattleEnd":true,"removeByDamage":false,"removeByRestriction":false,"removeByWalking":false,"restriction":0,"stepsToRemove":100,"traits":[{"code":22,"dataId":0,"value":-0.5}],"messageType":1},
{"id":6,"autoRemovalTiming":1,"chanceByDamage":100,"iconIndex":4,"maxTurns":5,"message1":"%1 ist verstummt!","message2":"%1 ist verstummt!","message3":"","message4":"%1 ist nicht mehr stumm!","minTurns":3,"motion":1,"name":"Schweigen","note":"","overlay":3,"priority":65,"releaseByDamage":false,"removeAtBattleEnd":true,"removeByDamage":false,"removeByRestriction":false,"removeByWalking":false,"restriction":0,"stepsToRemove":100,"traits":[{"code":42,"dataId":1,"value":0}],"messageType":1},
{"id":7,"autoRemovalTiming":1,"chanceByDamage":50,"iconIndex":5,"maxTurns":4,"message1":"%1 ist wütend!","message2":"%1 ist wütend!","message3":"","message4":"%1 ist nicht mehr wütend!","minTurns":2,"motion":1,"name":"Wut","note":"","overlay":4,"priority":70,"releaseByDamage":false,"removeAtBattleEnd":true,"removeByDamage":true,"removeByRestriction":false,"removeByWalking":false,"restriction":1,"stepsToRemove":100,"traits":[],"messageType":1},
{"id":8,"autoRemovalTiming":1,"chanceByDamage":50,"iconIndex":6,"maxTurns":4,"message1":"%1 ist verwirrt!","message2":"%1 ist verwirrt!","message3":"","message4":"%1 ist nicht mehr verwirrt!","minTurns":2,"motion":1,"name":"Verwirrung","note":"","overlay":5,"priority":75,"releaseByDamage":false,"removeAtBattleEnd":true,"removeByDamage":true,"removeByRestriction":false,"removeByWalking":false,"restriction":2,"stepsToRemove":100,"traits":[],"messageType":1},
{"id":9,"autoRemovalTiming":1,"chanceByDamage":50,"iconIndex":7,"maxTurns":4,"message1":"%1 war verzaubert!","message2":"%1 ist verzaubert!","message3":"","message4":"%1 ist nicht mehr verzaubert!","minTurns":2,"motion":1,"name":"Verzauberung","note":"","overlay":6,"priority":80,"releaseByDamage":false,"removeAtBattleEnd":true,"removeByDamage":true,"removeByRestriction":false,"removeByWalking":false,"restriction":3,"stepsToRemove":100,"traits":[],"messageType":1},
{"id":10,"autoRemovalTiming":1,"chanceByDamage":100,"iconIndex":8,"maxTurns":5,"message1":"%1 ist eingeschlafen!","message2":"%1 ist eingeschlafen!","message3":"%1 schläft.","message4":"%1 ist aufgewacht!","minTurns":3,"motion":2,"name":"Schlaf","note":"","overlay":7,"priority":90,"releaseByDamage":true,"removeAtBattleEnd":true,"removeByDamage":true,"removeByRestriction":false,"removeByWalking":false,"restriction":4,"stepsToRemove":100,"traits":[{"code":22,"dataId":1,"value":-1}],"messageType":1},
{"id":11,"autoRemovalTiming":0,"chanceByDamage":100,"traits":[],"iconIndex":0,"maxTurns":1,"message1":"","message2":"","message3":"","message4":"","minTurns":1,"motion":0,"name":"","note":"","overlay":0,"priority":50,"removeAtBattleEnd":false,"removeByDamage":false,"removeByRestriction":false,"removeByWalking":false,"restriction":0,"stepsToRemove":100,"messageType":1},
{"id":12,"autoRemovalTiming":2,"chanceByDamage":100,"traits":[{"code":22,"dataId":1,"value":-1}],"iconIndex":9,"maxTurns":3,"message1":"%1 ist paralysiert und kann sich nicht bewegen!","message2":"%1 ist paralysiert!","message3":"%1 ist paralysiert und kann sich nicht bewegen!","message4":"%1 ist nicht mehr paralysiert!","minTurns":3,"motion":2,"name":"Paralyse","note":"","overlay":8,"priority":95,"removeAtBattleEnd":true,"removeByDamage":false,"removeByRestriction":false,"removeByWalking":false,"restriction":4,"stepsToRemove":100,"messageType":1},
{"id":13,"autoRemovalTiming":2,"chanceByDamage":100,"traits":[{"code":22,"dataId":1,"value":-1}],"iconIndex":9,"maxTurns":2,"message1":"%1 hat das Gleichgewicht verloren!","message2":"%1 hat das Gleichgewicht verloren!","message3":"%1 ist immer noch aus dem Gleichgewicht ...","message4":"%1 hat das Gleichgewicht zurückerlangt!","minTurns":1,"motion":1,"name":"Betäubung","note":"","overlay":10,"priority":90,"removeAtBattleEnd":true,"removeByDamage":false,"removeByRestriction":false,"removeByWalking":false,"restriction":4,"stepsToRemove":100,"messageType":1},
{"id":14,"autoRemovalTiming":0,"chanceByDamage":100,"traits":[],"iconIndex":0,"maxTurns":1,"message1":"","message2":"","message3":"","message4":"","minTurns":1,"motion":0,"name":"","note":"","overlay":0,"priority":50,"removeAtBattleEnd":false,"removeByDamage":false,"removeByRestriction":false,"removeByWalking":false,"restriction":0,"stepsToRemove":100,"messageType":1},
{"id":15,"autoRemovalTiming":2,"chanceByDamage":100,"traits":[{"code":22,"dataId":7,"value":0.1}],"iconIndex":72,"maxTurns":4,"message1":"","message2":"","message3":"","message4":"","minTurns":4,"motion":0,"name":"HP-Regeneration","note":"","overlay":0,"priority":40,"removeAtBattleEnd":true,"removeByDamage":false,"removeByRestriction":false,"removeByWalking":false,"restriction":0,"stepsToRemove":100,"messageType":1},
{"id":16,"autoRemovalTiming":2,"chanceByDamage":100,"traits":[{"code":22,"dataId":8,"value":0.1}],"iconIndex":72,"maxTurns":4,"message1":"","message2":"","message3":"","message4":"","minTurns":4,"motion":0,"name":"MP-Regeneration","note":"","overlay":0,"priority":40,"removeAtBattleEnd":true,"removeByDamage":false,"removeByRestriction":false,"removeByWalking":false,"restriction":0,"stepsToRemove":100,"messageType":1},
{"id":17,"autoRemovalTiming":2,"chanceByDamage":100,"traits":[{"code":22,"dataId":9,"value":0.1}],"iconIndex":72,"maxTurns":4,"message1":"","message2":"","message3":"","message4":"","minTurns":4,"motion":0,"name":"TP-Regeneration","note":"","overlay":0,"priority":40,"removeAtBattleEnd":true,"removeByDamage":false,"removeByRestriction":false,"removeByWalking":false,"restriction":0,"stepsToRemove":100,"messageType":1},
{"id":18,"autoRemovalTiming":2,"chanceByDamage":100,"traits":[{"code":22,"dataId":5,"value":1}],"iconIndex":70,"maxTurns":5,"message1":"","message2":"","message3":"","message4":"","minTurns":5,"motion":0,"name":"Magie-Reflexion","note":"","overlay":0,"priority":40,"removeAtBattleEnd":true,"removeByDamage":false,"removeByRestriction":false,"removeByWalking":false,"restriction":0,"stepsToRemove":100,"messageType":1},
{"id":19,"autoRemovalTiming":2,"chanceByDamage":100,"traits":[{"code":62,"dataId":2,"value":1}],"iconIndex":81,"maxTurns":1,"message1":"","message2":"","message3":"","message4":"","minTurns":1,"motion":0,"name":"Schützen","note":"","overlay":0,"priority":40,"removeAtBattleEnd":true,"removeByDamage":false,"removeByRestriction":true,"removeByWalking":false,"restriction":0,"stepsToRemove":100,"messageType":1},
{"id":20,"autoRemovalTiming":2,"chanceByDamage":100,"traits":[{"code":23,"dataId":0,"value":9}],"iconIndex":76,"maxTurns":5,"message1":"%1 ist jetzt einfacher zu treffen!","message2":"","message3":"","message4":"","minTurns":5,"motion":0,"name":"Provozieren","note":"","overlay":0,"priority":40,"removeAtBattleEnd":true,"removeByDamage":false,"removeByRestriction":false,"removeByWalking":false,"restriction":0,"stepsToRemove":100,"messageType":1},
{"id":21,"autoRemovalTiming":2,"chanceByDamage":100,"traits":[{"code":23,"dataId":0,"value":0}],"iconIndex":81,"maxTurns":5,"message1":"%1 ist jetzt schwieriger zu treffen!","message2":"","message3":"","message4":"","minTurns":5,"motion":0,"name":"Verstecken","note":"","overlay":0,"priority":40,"removeAtBattleEnd":true,"removeByDamage":false,"removeByRestriction":false,"removeByWalking":false,"restriction":0,"stepsToRemove":100,"messageType":1},
{"id":22,"autoRemovalTiming":1,"chanceByDamage":100,"traits":[{"code":22,"dataId":6,"value":1}],"iconIndex":77,"maxTurns":3,"message1":"","message2":"","message3":"","message4":"","minTurns":3,"motion":0,"name":"Konter","note":"","overlay":0,"priority":50,"removeAtBattleEnd":true,"removeByDamage":false,"removeByRestriction":true,"removeByWalking":false,"restriction":0,"stepsToRemove":100,"messageType":1},
{"id":23,"autoRemovalTiming":2,"chanceByDamage":100,"traits":[{"code":14,"dataId":4,"value":1},{"code":14,"dataId":5,"value":1},{"code":14,"dataId":6,"value":1},{"code":14,"dataId":7,"value":1},{"code":14,"dataId":8,"value":1},{"code":14,"dataId":9,"value":1},{"code":14,"dataId":10,"value":1},{"code":14,"dataId":12,"value":1},{"code":14,"dataId":13,"value":1}],"iconIndex":70,"maxTurns":5,"message1":"","message2":"","message3":"","message4":"","minTurns":5,"motion":0,"name":"Schutz vor negativen Statuseffekten","note":"","overlay":0,"priority":50,"removeAtBattleEnd":true,"removeByDamage":false,"removeByRestriction":false,"removeByWalking":false,"restriction":0,"stepsToRemove":100,"messageType":1},
{"id":24,"autoRemovalTiming":2,"chanceByDamage":100,"traits":[{"code":23,"dataId":4,"value":0.25}],"iconIndex":70,"maxTurns":5,"message1":"","message2":"","message3":"","message4":"","minTurns":5,"motion":0,"name":"MP-Kosten-Verringerung","note":"","overlay":0,"priority":50,"removeAtBattleEnd":true,"removeByDamage":false,"removeByRestriction":false,"removeByWalking":false,"restriction":0,"stepsToRemove":100,"messageType":1},
{"id":25,"autoRemovalTiming":2,"chanceByDamage":100,"traits":[{"code":31,"dataId":2,"value":1},{"code":11,"dataId":2,"value":0.5},{"code":21,"dataId":2,"value":1.1}],"iconIndex":64,"maxTurns":5,"message1":"%1 ist jetzt von einer feurigen Aura umgeben.","message2":"%1 ist jetzt von einer feurigen Aura umgeben.","message3":"","message4":"","minTurns":5,"motion":0,"name":"Feuerkraft","note":"","overlay":0,"priority":50,"removeAtBattleEnd":true,"removeByDamage":false,"removeByRestriction":false,"removeByWalking":false,"restriction":0,"stepsToRemove":100,"messageType":1},
{"id":26,"autoRemovalTiming":2,"chanceByDamage":100,"traits":[{"code":31,"dataId":3,"value":1},{"code":11,"dataId":3,"value":0.5},{"code":21,"dataId":2,"value":1.1}],"iconIndex":65,"maxTurns":5,"message1":"%1 ist jetzt von einer eisigen Aura umgeben.","message2":"%1 ist jetzt von einer eisigen Aura umgeben.","message3":"","message4":"","minTurns":5,"motion":0,"name":"Eiskraft","note":"","overlay":0,"priority":50,"removeAtBattleEnd":true,"removeByDamage":false,"removeByRestriction":false,"removeByWalking":false,"restriction":0,"stepsToRemove":100,"messageType":1},
{"id":27,"autoRemovalTiming":2,"chanceByDamage":100,"traits":[{"code":31,"dataId":4,"value":1},{"code":11,"dataId":4,"value":0.5},{"code":21,"dataId":2,"value":1.1}],"iconIndex":66,"maxTurns":5,"message1":"%1 ist jetzt von einer donnergrollenden Aura umgeben.","message2":"%1 ist jetzt von einer donnergrollenden Aura umgeben.","message3":"","message4":"","minTurns":5,"motion":0,"name":"Donnerkraft","note":"","overlay":0,"priority":50,"removeAtBattleEnd":true,"removeByDamage":false,"removeByRestriction":false,"removeByWalking":false,"restriction":0,"stepsToRemove":100,"messageType":1},
{"id":28,"autoRemovalTiming":0,"chanceByDamage":100,"traits":[],"iconIndex":0,"maxTurns":1,"message1":"","message2":"","message3":"","message4":"","minTurns":1,"motion":0,"name":"","note":"","overlay":0,"priority":50,"removeAtBattleEnd":false,"removeByDamage":false,"removeByRestriction":false,"removeByWalking":false,"restriction":0,"stepsToRemove":100,"messageType":1},
{"id":29,"autoRemovalTiming":0,"chanceByDamage":100,"traits":[{"code":64,"dataId":0,"value":1}],"iconIndex":72,"maxTurns":1,"message1":"","message2":"","message3":"","message4":"","minTurns":1,"motion":0,"name":"Der Hälfte begegnen","note":"","overlay":0,"priority":20,"removeAtBattleEnd":false,"removeByDamage":false,"removeByRestriction":false,"removeByWalking":true,"restriction":0,"stepsToRemove":100,"messageType":1},
{"id":30,"autoRemovalTiming":0,"chanceByDamage":100,"traits":[{"code":64,"dataId":4,"value":1},{"code":64,"dataId":5,"value":1}],"iconIndex":70,"maxTurns":1,"message1":"","message2":"","message3":"","message4":"","minTurns":1,"motion":0,"name":"Doppeltes Geld/Gegenstände","note":"","overlay":0,"priority":20,"removeAtBattleEnd":false,"removeByDamage":false,"removeByRestriction":false,"removeByWalking":true,"restriction":0,"stepsToRemove":100,"messageType":1}
]