{"version":3,"objects":[{"id":1,"typeName":"Data_Lighting_AmbientLight","color":[10,30,71,255],"weight":100,"exposure":20,"saturation":-40,"contrast":0,"power":[255,205,205,255],"brightness":0},{"id":2,"typeName":"Data_Lighting_PointLight","color":[255,255,255,255],"intensity":12,"radius":400,"smoothness":150,"flickerStrength":0,"flickerSpeed":10},{"id":3,"typeName":"Data_Lighting_PointLight","color":[255,255,255,255],"intensity":8.05,"radius":443,"smoothness":502,"flickerStrength":16,"flickerSpeed":40},{"id":4,"typeName":"Data_Lighting_PointLight","color":[255,255,255,195],"intensity":8,"radius":283,"smoothness":846,"flickerStrength":10,"flickerSpeed":50},{"id":5,"typeName":"Data_Lighting_PointLight","color":[255,105,205,105],"intensity":8,"radius":4000,"smoothness":600,"flickerStrength":0,"flickerSpeed":10},{"id":6,"typeName":"Data_Lighting_PointLight","color":[255,255,255,255],"intensity":10,"radius":300,"smoothness":100,"flickerStrength":0,"flickerSpeed":10},{"id":7,"typeName":"Data_Lighting_SpotLight","color":[255,255,255,255],"intensity":14.58,"width":0.48,"spread":21.4,"spreadFade":71,"direction":90,"distance":547,"distanceFadeIn":21,"distanceFadeOut":267},{"id":8,"typeName":"Data_Lighting_PointLight","color":[147,190,255,430],"intensity":11.54,"radius":248,"smoothness":179,"flickerStrength":31,"flickerSpeed":20},{"id":9,"typeName":"Data_Lighting_PointLight","color":[255,255,255,255],"intensity":12,"radius":400,"smoothness":150,"flickerStrength":0,"flickerSpeed":10},{"id":10,"typeName":"Data_Lighting_Layer","width":1680,"height":1920,"url":"data/tausi-lighting-layers/1-10.png","urlContentHash":-2097613114,"scale":0.25,"filterMode":1,"blendMode":0,"opacity":108,"power":100},{"id":11,"typeName":"Data_Lighting_Layer","width":1680,"height":1920,"url":"data/tausi-lighting-layers/1-11.png","urlContentHash":1769481612,"scale":0.25,"filterMode":1,"blendMode":0,"opacity":80,"power":112},{"id":12,"typeName":"Data_Lighting_Layer","width":1680,"height":1920,"url":"data/tausi-lighting-layers/1-12.png","urlContentHash":1293186486,"scale":0.25,"filterMode":1,"blendMode":0,"opacity":255,"power":207},{"id":22,"typeName":"Data_Lighting_AmbientLight","color":[53,67,85,255],"weight":102,"exposure":36,"saturation":-43,"contrast":0,"power":[255,255,255,255],"brightness":0},{"id":24,"typeName":"Data_Lighting_PointLight","color":[255,92,83,224],"intensity":10,"radius":552,"smoothness":207,"flickerStrength":12,"flickerSpeed":41},{"id":26,"typeName":"Data_Lighting_AmbientLight","color":[50,59,109,255],"weight":100,"exposure":47,"saturation":-36,"contrast":0,"power":[255,255,255,255],"brightness":0},{"id":27,"typeName":"Data_Lighting_PointLight","color":[255,99,90,255],"intensity":10.05,"radius":300,"smoothness":100,"flickerStrength":23,"flickerSpeed":40},{"id":29,"typeName":"Data_Lighting_Layer","width":1200,"height":1200,"url":"data/tausi-lighting-layers/4-29.png","urlContentHash":185373730,"scale":0.25,"filterMode":0,"blendMode":0,"opacity":138,"power":100},{"id":30,"typeName":"Data_Lighting_Layer","width":1200,"height":1200,"url":"data/tausi-lighting-layers/4-30.png","urlContentHash":-1543417191,"scale":0.25,"filterMode":0,"blendMode":0,"opacity":115,"power":100},{"id":31,"typeName":"Data_Lighting_Layer","width":1200,"height":1200,"url":"data/tausi-lighting-layers/4-31.png","urlContentHash":1884869715,"scale":0.25,"filterMode":1,"blendMode":0,"opacity":113,"power":100},{"id":32,"typeName":"Data_Lighting_AmbientLight","color":[82,70,68,356],"weight":75,"exposure":-15,"saturation":-80,"contrast":260,"power":[176,255,196,736],"brightness":-8},{"id":57,"typeName":"Data_Lighting_Layer","width":1680,"height":1920,"url":"data/tausi-lighting-layers/1-57.png","urlContentHash":1795145521,"scale":0.25,"filterMode":0,"blendMode":0,"opacity":127,"power":100},{"id":58,"typeName":"Data_Lighting_Layer","width":1680,"height":1920,"url":"data/tausi-lighting-layers/1-58.png","urlContentHash":-1935866598,"scale":0.25,"filterMode":0,"blendMode":3,"opacity":118,"power":100}],"maps":[{"id":1,"objects":[{"id":1,"objectId":3,"enabled":true,"x":791,"y":557,"referenceEventId":0},{"id":2,"objectId":3,"enabled":true,"x":792,"y":945,"referenceEventId":0},{"id":3,"objectId":3,"enabled":true,"x":979,"y":943,"referenceEventId":0},{"id":4,"objectId":3,"enabled":true,"x":792,"y":1131,"referenceEventId":0},{"id":5,"objectId":3,"enabled":true,"x":790.4,"y":1277.4,"referenceEventId":0},{"id":6,"objectId":3,"enabled":true,"x":985,"y":1133,"referenceEventId":0},{"id":7,"objectId":3,"enabled":true,"x":791.4,"y":1469.4,"referenceEventId":0},{"id":8,"objectId":3,"enabled":true,"x":983.4,"y":1468.4,"referenceEventId":0},{"id":9,"objectId":4,"enabled":true,"x":503.6,"y":597,"referenceEventId":0},{"id":10,"objectId":5,"enabled":true,"x":170.9999999999999,"y":1692,"referenceEventId":0},{"id":11,"objectId":7,"enabled":true,"x":793,"y":527,"referenceEventId":0},{"id":12,"objectId":7,"enabled":true,"x":985,"y":925,"referenceEventId":0},{"id":13,"objectId":7,"enabled":true,"x":792,"y":924,"referenceEventId":0},{"id":14,"objectId":7,"enabled":true,"x":791,"y":1119,"referenceEventId":0},{"id":15,"objectId":7,"enabled":true,"x":985,"y":1118,"referenceEventId":0},{"id":16,"objectId":7,"enabled":true,"x":790.6,"y":1453,"referenceEventId":0},{"id":17,"objectId":7,"enabled":true,"x":791.6,"y":1256,"referenceEventId":0},{"id":18,"objectId":7,"enabled":true,"x":982.6,"y":1450,"referenceEventId":0},{"id":22,"objectId":1,"enabled":true,"x":97,"y":249,"referenceEventId":0},{"id":23,"objectId":2,"enabled":true,"x":312,"y":245,"referenceEventId":0},{"id":24,"objectId":3,"enabled":true,"x":792,"y":365,"referenceEventId":0},{"id":25,"objectId":4,"enabled":true,"x":407.6,"y":597,"referenceEventId":0},{"id":26,"objectId":5,"enabled":true,"x":1565.4,"y":208.6,"referenceEventId":0},{"id":27,"objectId":6,"enabled":true,"x":790.5999999999999,"y":1896,"referenceEventId":0},{"id":28,"objectId":7,"enabled":true,"x":793,"y":344,"referenceEventId":0},{"id":29,"objectId":8,"enabled":true,"x":983,"y":723,"referenceEventId":12},{"id":31,"objectId":10,"enabled":true,"x":529,"y":802,"referenceEventId":0},{"id":32,"objectId":11,"enabled":true,"x":1187,"y":563,"referenceEventId":0},{"id":33,"objectId":12,"enabled":true,"x":649,"y":212,"referenceEventId":0},{"id":64,"objectId":57,"enabled":true,"x":90,"y":42,"referenceEventId":0},{"id":65,"objectId":58,"enabled":true,"x":124,"y":88,"referenceEventId":0}],"events":[]},{"id":4,"objects":[{"id":43,"objectId":22,"enabled":true,"x":126,"y":141,"referenceEventId":0},{"id":45,"objectId":24,"enabled":true,"x":456,"y":334,"referenceEventId":5},{"id":54,"objectId":29,"enabled":true,"x":92,"y":423,"referenceEventId":0},{"id":55,"objectId":30,"enabled":true,"x":92,"y":370,"referenceEventId":0},{"id":56,"objectId":31,"enabled":true,"x":92,"y":478,"referenceEventId":0},{"id":61,"objectId":32,"enabled":true,"x":180,"y":140,"referenceEventId":0},{"id":62,"objectId":24,"enabled":true,"x":600,"y":619,"referenceEventId":6},{"id":63,"objectId":24,"enabled":true,"x":312,"y":1005,"referenceEventId":7}],"events":[]},{"id":5,"objects":[{"id":47,"objectId":26,"enabled":true,"x":248,"y":201,"referenceEventId":0},{"id":48,"objectId":27,"enabled":false,"x":456,"y":341,"referenceEventId":0},{"id":52,"objectId":27,"enabled":true,"x":600,"y":339,"referenceEventId":0},{"id":57,"objectId":27,"enabled":true,"x":601,"y":624,"referenceEventId":10},{"id":58,"objectId":27,"enabled":true,"x":312,"y":1005,"referenceEventId":5}],"events":[]}]}